{
    "loss": 0.3988507091999054,
    "accuracy": 0.813725471496582
}