{
    "loss": 0.29992979764938354,
    "accuracy": 0.8627451062202454
}