{
    "loss": 3.7391743659973145,
    "accuracy": 0.7647058963775635
}