{
    "loss": 2.580998659133911,
    "accuracy": 0.656862735748291
}